name,stationid,lat,lon
"River Street , Clerkenwell",1,51.52916347,-0.109970527
"Phillimore Gardens, Kensington",2,51.49960695,-0.197574246
"Christopher Street, Liverpool Street",3,51.52128377,-0.084605692
"St. Chad's Street, King's Cross",4,51.53005939,-0.120973687
"Sedding Street, Sloane Square",5,51.49313,-0.156876
"Broadcasting House, Marylebone",6,51.51811784,-0.144228881
"Charlbert Street, St. John's Wood",7,51.53430039,-0.1680743
"Maida Vale, Maida Vale",8,51.529857,-0.18348604
"New Globe Walk, Bankside",9,51.5073853,-0.096440751
"Park Street, Bankside",10,51.50597426,-0.092754157
"Brunswick Square, Bloomsbury",11,51.52395143,-0.122502346
"Malet Street, Bloomsbury",12,51.52168078,-0.130431727
"Scala Street, Fitzrovia",13,51.51991453,-0.136039674
"Belgrove Street , King's Cross",14,51.52994371,-0.123616824
"Great Russell Street, Bloomsbury",15,51.51772703,-0.127854211
"Cartwright Gardens , Bloomsbury",16,51.52635795,-0.125979294
"Hatton Wall, Holborn",17,51.5216612,-0.109006325
"Drury Lane, Covent Garden",18,51.51477076,-0.12221963
"Taviton Street, Bloomsbury",19,51.52505093,-0.131161087
"Drummond Street , Euston",20,51.527326,-0.13605286
"Lansdowne Drive, Hackney Central",21,51.539834,-0.062806212
"Northington Street , Holborn",22,51.5222641,-0.114079481
"Red Lion Square, Holborn",23,51.51943538,-0.119123345
"British Museum, Bloomsbury",24,51.51908011,-0.124678402
"Doric Way , Somers Town",25,51.5288338,-0.132250369
"Ampton Street , Clerkenwell",26,51.52728093,-0.11829517
"Bouverie Street, Temple",27,51.51382102,-0.107927706
"Bolsover Street, Fitzrovia",28,51.52351808,-0.143613641
"Hereford Road, Bayswater",29,51.513735,-0.193487
"Windsor Terrace, Hoxton",30,51.52915444,-0.093421615
"Fanshaw Street, Hoxton",31,51.52953709,-0.083353323
"Leonard Circus , Shoreditch",32,51.52469624,-0.084439283
"Central House, Aldgate",33,51.515231,-0.07015
"Pancras Road, King's Cross",34,51.5341235,-0.129386874
"De Vere Gardens, Kensington",36,51.50173726,-0.184980612
"Penywern Road, Earl's Court",37,51.49159394,-0.192369256
"Abingdon Villas, Kensington",38,51.4973875,-0.197245586
"Shoreditch High Street, Shoreditch",39,51.5263778,-0.078130921
"Commercial Street, Shoreditch",40,51.52127071,-0.0755789
"Pindar Street, Liverpool Street",41,51.520955,-0.083493552
"Wenlock Road , Hoxton",42,51.53099181,-0.093903825
"Crawford Street, Marylebone",43,51.52026,-0.157183945
"Bruton Street, Mayfair",44,51.51073687,-0.144165239
"Boston Place, Marylebone",45,51.522511,-0.162298
"Nesham Street, Wapping",46,51.507131,-0.06691
"Warwick Avenue Station, Maida Vale",47,51.52334476,-0.183846408
"Godliman Street, St. Paul's",48,51.51248445,-0.099141408
"Curzon Street, Mayfair",49,51.50706909,-0.145904427
"East Road, Hoxton",50,51.52867339,-0.087459376
"Finsbury Library , Finsbury",51,51.52671796,-0.104298194
"Roscoe Street, St. Luke's",52,51.52295439,-0.094934859
"Grafton Street, Mayfair",53,51.5099923,-0.143495266
"Golden Lane, Barbican",54,51.52174785,-0.094475072
"Finsbury Circus, Liverpool Street",55,51.51707521,-0.086685542
"Paddington Street, Marylebone",56,51.52058381,-0.154701411
"Guilford Street , Bloomsbury",57,51.52334672,-0.120202614
"New Inn Yard, Shoreditch",58,51.52452699,-0.079248081
"Lisson Grove, St. John's Wood",60,51.52644828,-0.172190727
"Great Dover Street, The Borough",61,51.49738251,-0.089446947
"Cotton Garden Estate, Kennington",62,51.4907579,-0.106323685
"Murray Grove , Hoxton",63,51.53089041,-0.089782579
"William IV Street, Strand",64,51.50946212,-0.124749274
"Holborn Circus, Holborn",66,51.51795029,-0.108657431
"Hatton Garden, Holborn",67,51.51882555,-0.108028472
"Theobald's Road , Holborn",68,51.52059681,-0.116688468
"Euston Road, Euston",69,51.5262363,-0.134407652
"Calshot Street , King's Cross",70,51.53136059,-0.117069978
"Newgate Street , St. Paul's",71,51.5154186,-0.098850915
"Farringdon Lane, Clerkenwell",72,51.52352001,-0.108340165
"Old Street Station, St. Luke's",73,51.52548,-0.089659871
"Vauxhall Cross, Vauxhall",74,51.48591714,-0.124469948
"Torrens Street, Angel",75,51.53219984,-0.105480698
"Longford Street, The Regent's Park",76,51.52559505,-0.144083893
"Russell Square Station, Bloomsbury",77,51.52341837,-0.124121774
"Sadlers Sports Centre, Finsbury",78,51.52486887,-0.099489485
"Arundel Street, Temple",79,51.511726,-0.11385596
"Webber Street , Southwark",80,51.50069361,-0.102091246
"Great Titchfield Street, Fitzrovia",81,51.52025302,-0.141327271
"Chancery Lane, Holborn",82,51.514274,-0.111257
"Panton Street, West End",83,51.50963938,-0.131510949
"Breams Buildings, Holborn",84,51.51593725,-0.111778348
"Tanner Street, Bermondsey",85,51.50064702,-0.078600401
"Sancroft Street, Vauxhall",86,51.48947903,-0.115156562
"Devonshire Square, Liverpool Street",87,51.51646835,-0.079684557
"Bayley Street , Bloomsbury",88,51.51858757,-0.132053392
"Tavistock Place, Bloomsbury",89,51.5262503,-0.123509611
"Harrington Square 1, Camden Town",90,51.53301907,-0.139174593
"Walnut Tree Walk, Vauxhall",91,51.49368637,-0.111014912
"Borough Road, Elephant & Castle",92,51.49889832,-0.100440521
"Cloudesley Road, Angel",93,51.53440868,-0.109025404
"Bricklayers Arms, Borough",94,51.49506109,-0.085814489
"Aldersgate Street, Barbican",95,51.5208417,-0.097340162
"Falkirk Street, Hoxton",96,51.53095071,-0.078505384
"Gloucester Road (North), Kensington",97,51.49792478,-0.183834706
"Hampstead Road, Euston",98,51.52554222,-0.138231303
"Old Quebec Street, Marylebone",99,51.51457763,-0.158264483
"Albert Embankment, Vauxhall",100,51.49043573,-0.122806861
"Queen Street 1, Bank",101,51.51155322,-0.0929401
"Jewry Street, Aldgate",102,51.51340693,-0.076793375
"Vicarage Gate, Kensington",103,51.50472376,-0.192538767
"Crosswall, Tower",104,51.51159481,-0.077121322
"Westbourne Grove, Bayswater",105,51.51552971,-0.190240716
"Woodstock Street, Mayfair",106,51.51410514,-0.147301667
"Finsbury Leisure Centre, St. Luke's",107,51.52600832,-0.096317627
"Abbey Orchard Street, Westminster",108,51.49812559,-0.132102166
"Soho Square , Soho",109,51.51563144,-0.132328837
"Wellington Road, St. John's Wood",110,51.53304322,-0.172528678
"Park Lane , Hyde Park",111,51.5100172,-0.157275636
"Gloucester Road (Central), South Kensington",113,51.49646288,-0.183289032
"Park Road (Baker Street), The Regent's Park",114,51.52451738,-0.158963647
"Braham Street, Aldgate",115,51.51423368,-0.073537654
"Little Argyll Street, West End",116,51.51449962,-0.141423695
"Lollard Street, Vauxhall",117,51.49288067,-0.114934001
"Rochester Row, Westminster",118,51.49582705,-0.13547809
"Bath Street, St. Luke's",119,51.52589324,-0.090847761
"The Guildhall, Guildhall",120,51.51573534,-0.093080779
"Baker Street, Marylebone",121,51.51891348,-0.156166631
"Norton Folgate, Liverpool Street",122,51.52111369,-0.078869751
"St. John Street, Finsbury",123,51.52836014,-0.104724625
"Eaton Square, Belgravia",124,51.49654462,-0.150905245
"Borough High Street, The Borough",125,51.50069491,-0.094524319
"Museum of London, Barbican",126,51.51782144,-0.096496865
"Wood Street, Guildhall",127,51.51700801,-0.09388536
"Emperor's Gate, South Kensington",128,51.49536226,-0.185296516
"Golden Square, Soho",129,51.5118973,-0.137043852
"Tower Gardens , Tower",130,51.50950627,-0.075459482
"Eversholt Street , Camden Town",131,51.53300545,-0.136792671
"Bethnal Green Road, Shoreditch",132,51.52364804,-0.074754872
"Derry Street, Kensington",133,51.50136494,-0.191462381
"Wapping High Street, Wapping",134,51.504904,-0.06797
"Clerkenwell Green, Clerkenwell",135,51.52326004,-0.104708922
"Queen Victoria Street, St. Paul's",136,51.51196176,-0.097441687
"Green Street, Mayfair",138,51.51227622,-0.157436972
"Lambeth Road, Vauxhall",139,51.49488108,-0.117974901
"Finsbury Square , Moorgate",140,51.52096262,-0.085634242
"Chapel Place, Marylebone",141,51.51530805,-0.147203711
"West Cromwell Road, Earl's Court",142,51.49372451,-0.198286569
"Pont Street, Knightsbridge",143,51.4968865,-0.161203828
"Kennington Cross, Kennington",144,51.48894022,-0.111435796
"Ilchester Place, Kensington",145,51.50074359,-0.202759212
"Vauxhall Bridge , Pimlico",146,51.48836528,-0.129361842
"Tachbrook Street, Victoria",148,51.49211134,-0.138364847
"Kennington Road Post Office, Oval",149,51.48478899,-0.110683213
"Holy Trinity Brompton, Knightsbridge",150,51.49705603,-0.168917077
"Chepstow Villas, Notting Hill",151,51.51213691,-0.201554966
"Hampton Street, Walworth",152,51.49217002,-0.101536865
"Bayswater Road, Hyde Park",153,51.511933,-0.174411
"Waterloo Station 3, Waterloo",154,51.50379168,-0.11282408
"Lexham Gardens, Kensington",155,51.49586666,-0.191933711
"New Kent Road, The Borough",156,51.49443626,-0.092921165
"Wright's Lane, Kensington",157,51.50039792,-0.193068385
"Trebovir Road, Earl's Court",158,51.49085368,-0.196170309
"Waterloo Place, St. James's",160,51.50663341,-0.131773845
"Guildhouse Street, Victoria",161,51.49234577,-0.141334487
"Southampton Place, Holborn",162,51.51760685,-0.121328408
"Sloane Avenue, Knightsbridge",163,51.4931848,-0.167894973
"Cleveland Gardens, Bayswater",164,51.515607,-0.183118788
"Orsett Terrace, Bayswater",165,51.517932,-0.183716959
"Seville Street, Knightsbridge",166,51.50185512,-0.159237081
"Eccleston Place, Victoria",167,51.49395092,-0.147624377
"Argyll Road, Kensington",168,51.50040123,-0.195455928
"Porchester Place, Paddington",169,51.51474612,-0.165164288
"Hardwick Street, Clerkenwell",170,51.52784273,-0.108068155
"Collingham Gardens, Earl's Court",171,51.4916156,-0.186753859
"Sumner Place, South Kensington",172,51.49121192,-0.173715911
"Waterloo Road, South Bank",173,51.50486,-0.113001
"Strand, Strand",174,51.512582,-0.1150573
"Worship Street, Shoreditch",175,51.521668,-0.079608554
"Gloucester Terrace, Bayswater",176,51.51791921,-0.188098863
"Ashley Place, Victoria",177,51.49616092,-0.140947636
"Warwick Square, Pimlico",178,51.48985626,-0.141923621
"North Audley Street, Mayfair",180,51.5129118,-0.153645496
"Belgrave Square, Belgravia",181,51.49941247,-0.152317537
"Bell Street , Marylebone",182,51.52202903,-0.165842551
"Riverlight North, Nine Elms",183,51.482362,-0.13612398
"Portland Place, Marylebone",184,51.52071513,-0.14521173
"Alderney Street, Pimlico",185,51.48805753,-0.140741432
"South Wharf Road, Paddington",186,51.51733558,-0.175810943
"Queen's Gate (South), South Kensington",187,51.49247977,-0.178433004
"Nutford Place, Marylebone",188,51.5165179,-0.164393768
"Claremont Square, Angel",189,51.53166681,-0.109914711
"Rampayne Street, Pimlico",190,51.48997562,-0.132845681
"Hyde Park Corner, Hyde Park",191,51.50311799,-0.153520935
"Wardour Street, Soho",192,51.51251523,-0.133201961
"Bankside Mix, Bankside",193,51.50581776,-0.100186337
"Hop Exchange, The Borough",194,51.50462759,-0.091773776
"Milroy Walk, South Bank",195,51.50724437,-0.106237501
"Union Street, The Borough",196,51.50368837,-0.098497684
"Stamford Street, South Bank",197,51.50556905,-0.111606696
"Great Tower Street, Monument",199,51.51048489,-0.082989638
"LMU Commercial Road, Whitechapel",200,51.51492456,-0.066078037
"Dorset Square, Marylebone",201,51.5225965,-0.161113413
"Leman Street, Aldgate",202,51.51236389,-0.06954201
"West Smithfield Rotunda, Farringdon",203,51.51821864,-0.100791005
"Margery Street, Clerkenwell",204,51.52659961,-0.112432615
"New Road 1 , Whitechapel",206,51.518154,-0.062697
"Grosvenor Crescent, Belgravia",207,51.50135267,-0.153194766
"Mallory Street, Marylebone",208,51.52505151,-0.166304359
"Denyer Street, Knightsbridge",209,51.49358391,-0.165101392
"Hinde Street, Marylebone",210,51.51681444,-0.151926305
"Cadogan Place, Knightsbridge",211,51.49464523,-0.158105512
"Campden Hill Road, Notting Hill",212,51.50658458,-0.199004026
"Wellington Arch, Hyde Park",213,51.50274025,-0.149569201
"Endsleigh Gardens, Euston",214,51.52683806,-0.130504336
"Moorfields, Moorgate",215,51.51906932,-0.088285377
"Old Brompton Road, South Kensington",216,51.49094565,-0.181190899
"Wormwood Street, Liverpool Street",217,51.51615461,-0.082422399
"St. Luke's Church, Chelsea",218,51.48971651,-0.170194408
"Bramham Gardens, Earl's Court",219,51.49016361,-0.19039362
"Chelsea Green, Chelsea",220,51.49066456,-0.166485083
"Horseferry Road, Westminster",221,51.49481649,-0.13045856
"Knightsbridge, Hyde Park",222,51.50275704,-0.155349725
"Rodney Road , Walworth",223,51.49148474,-0.090220911
"Queensway, Kensington Gardens",224,51.51031,-0.18740235
"Notting Hill Gate Station, Notting Hill",225,51.50935342,-0.196422
"Charles II Street, West End",226,51.50844614,-0.131961389
"Great Percy Street, Clerkenwell",227,51.52891573,-0.115480888
"St. James's Square, St. James's",228,51.50742485,-0.134621209
"Whitehall Place, Strand",229,51.50654321,-0.123179697
"Poured Lines, Bankside",230,51.50669284,-0.103137426
"Queen's Gate (Central), South Kensington",231,51.49396755,-0.17873226
"Carey Street, Holborn",232,51.51501025,-0.112753217
"Pall Mall East, West End",233,51.50777049,-0.130699733
"Liverpool Road (N1 Centre), Angel",234,51.53450449,-0.106992706
"Kennington Road  , Vauxhall",235,51.49571828,-0.110889274
"Fashion Street, Whitechapel",236,51.51838043,-0.073438925
"Dock Street, Wapping",237,51.50978602,-0.068161981
"Frampton Street, Paddington",238,51.5233534,-0.175116099
"Warren Street Station, Euston",239,51.52443845,-0.138019439
"Colombo Street, Southwark",240,51.50545935,-0.10569204
"Beaumont Street, Marylebone",242,51.52200801,-0.151359288
"Gloucester Street, Pimlico",243,51.49096258,-0.139625122
"Earnshaw Street , Covent Garden",244,51.51611887,-0.128585022
"Grosvenor Road, Pimlico",245,51.4853572,-0.142207481
"Berry Street, Clerkenwell",246,51.52285301,-0.099994052
"St. John's Wood Church, The Regent's Park",247,51.530529,-0.167515
"Triangle Car Park, Hyde Park",248,51.50645179,-0.170279555
"Harper Road, The Borough",249,51.49859784,-0.096191134
"Royal Avenue 1, Chelsea",250,51.489932,-0.162727
"Brushfield Street, Liverpool Street",251,51.518908,-0.079249
"Jubilee Gardens, South Bank",252,51.5046364,-0.116542278
"Shoreditch Park, Hoxton",253,51.53404294,-0.086379717
"Chadwell Street, Angel",254,51.53051587,-0.106408455
"Clifton Road, Maida Vale",255,51.52557531,-0.179592915
"Houghton Street, Strand",256,51.51362054,-0.116764211
"Westminster University, Marylebone",257,51.52248185,-0.154907218
"Kensington Gore, Knightsbridge",258,51.50143293,-0.178656971
"Bourne Street, Belgravia",259,51.490959,-0.1532331
"Broadwick Street, Soho",260,51.5136846,-0.135580879
"Princes Square, Bayswater",261,51.5134891,-0.191351186
"LSBU (Borough Road), Elephant & Castle",262,51.49874469,-0.103132904
"St. Mary Axe, Aldgate",263,51.51422502,-0.080660083
"Tysoe Street, Clerkenwell",264,51.52644342,-0.109256828
"Southwick Street, Paddington",265,51.51595344,-0.169249375
"Queen's Gate (North), Kensington",266,51.50102668,-0.180246101
"Regency Street, Westminster",267,51.49206037,-0.132224622
"Belgrave Road, Victoria",268,51.49320445,-0.144132875
"Empire Square, The Borough",269,51.50082346,-0.089740764
"Kennington Lane Rail Bridge, Vauxhall",270,51.4863434,-0.122492418
"London Zoo,  The Regent's Park",271,51.53583617,-0.156285395
"Baylis Road, Waterloo",272,51.50144456,-0.110699309
"Belvedere Road 1, South Bank",273,51.50613324,-0.114686385
"Warwick Road, Olympia",274,51.49671237,-0.20528437
"Barbican Centre, Barbican",275,51.52004497,-0.092176447
"Lower Thames Street, Monument",276,51.50930161,-0.084985356
"Kensington Church Street, Kensington",277,51.50315739,-0.191496313
"Tooley Street, Bermondsey",278,51.5034938,-0.07962099
"North Wharf Road, Paddington",279,51.51862243,-0.176645823
"Royal Avenue 2, Chelsea",280,51.490083,-0.162418
"Smith Square, Westminster",281,51.49580589,-0.127575233
"Royal London Hospital, Whitechapel",282,51.518675,-0.06111
"Kingsway, Covent Garden",283,51.51440928,-0.118478757
"Lambeth North Station, Waterloo",284,51.49914063,-0.112031483
"St. John's Wood Road, St. John's Wood",286,51.5272947,-0.174653609
"Bedford Way, Bloomsbury",287,51.52367314,-0.128377673
"Elizabeth Bridge, Victoria",288,51.49236962,-0.147478734
"South Audley Street, Mayfair",289,51.50923022,-0.151296092
"St Mary's Hospital, Paddington",290,51.518268,-0.17110323
"Claverton Street, Pimlico",291,51.48483991,-0.138089062
"Montpelier Street, Knightsbridge",292,51.49888404,-0.165471605
"Kensington Olympia Station, Olympia",293,51.49815779,-0.209494128
"St. George's Square, Pimlico",294,51.488226,-0.135635511
"Swan Street, The Borough",295,51.50029631,-0.092762704
"Knaresborough Place, Earl's Court",296,51.49363156,-0.190603326
"Geraldine Street, Elephant & Castle",297,51.49612799,-0.106000855
"Curlew Street, Shad Thames",298,51.50227992,-0.074189225
"Vincent Square, Westminster",299,51.49398524,-0.136928582
"Serpentine Car Park, Hyde Park",300,51.505014,-0.17306032
"Marylebone Lane, Marylebone",301,51.51475963,-0.148105415
"Putney Pier, Wandsworth",302,51.466907,-0.216573
"Albert Gate, Hyde Park",303,51.50295379,-0.158456089
"Rathbone Street, Fitzrovia",306,51.51816295,-0.135025698
"Black Lion Gate, Kensington Gardens",307,51.50990837,-0.187842717
"Long Lane , Bermondsey",308,51.49907558,-0.085666316
"Embankment (Savoy), Strand",309,51.50963123,-0.119047563
"Black Prince Road, Vauxhall",310,51.4908679,-0.116911864
"Foley Street, Fitzrovia",311,51.51918144,-0.140485596
"Grove End Road, St. John's Wood",312,51.53088935,-0.176770502
"Wells Street, Fitzrovia",313,51.51734403,-0.138072691
"Tyers Gate, Bermondsey",314,51.50088934,-0.083159352
"The Tennis Courts, The Regent's Park",315,51.52536703,-0.153463612
"Warwick Row, Westminster",316,51.497998,-0.14296064
"Dickens Square, Borough",317,51.49679128,-0.093913472
"Sackville Street, Mayfair",318,51.51004801,-0.138846453
"Baldwin Street, St. Luke's",319,51.52702563,-0.088542771
"Queen Mother Sports Centre, Victoria",320,51.49357351,-0.139956043
"Bermondsey Street, Bermondsey",321,51.49785559,-0.081608045
"Palissy Street, Shoreditch",322,51.526293,-0.073955
"Clifton Street, Shoreditch",323,51.523196,-0.083067
"Ontario Street, Elephant & Castle",324,51.49652013,-0.101384068
"St. Martin's Street, West End",325,51.50908747,-0.129697889
"Graham Street, Angel",326,51.53266186,-0.099981142
"New North Road 1, Hoxton",327,51.53095,-0.085603
"New North Road 2, Hoxton",328,51.53114,-0.086016
"Prince Albert Road, The Regent's Park",329,51.53589283,-0.160854428
"Eastbourne Mews, Paddington",330,51.51641749,-0.179135079
"Bunhill Row, Moorgate",331,51.52085887,-0.089887855
"Nevern Place, Earl's Court",332,51.49334336,-0.194757949
"Palace Gardens Terrace, Notting Hill",333,51.50860544,-0.193764092
"Concert Hall Approach 1, South Bank",334,51.505044,-0.115851
"Tavistock Street, Covent Garden",335,51.51196803,-0.120718759
"Concert Hall Approach 2, South Bank",336,51.504942,-0.115533
"Pembridge Villas, Notting Hill",337,51.51108452,-0.197524944
"Wellington Street , Strand",338,51.51175646,-0.119643424
"Risinghill Street, Angel",339,51.5333196,-0.1117812
"Bank of England Museum, Bank",340,51.51444134,-0.087587447
"Craven Street, Strand",341,51.50810309,-0.12602103
"London Zoo Car Park, The Regent's Park",343,51.53692216,-0.150181444
"Goswell Road (City Uni), Finsbury",344,51.528246,-0.10102611
"Flood Street, Chelsea",345,51.48802358,-0.166878535
"Lower Marsh, Waterloo",347,51.50013942,-0.113936001
"Grosvenor Square, Mayfair",348,51.51217033,-0.150481272
"St. George Street, Mayfair",349,51.51196,-0.142783033
"Queen's Gate, Kensington Gardens",350,51.50171544,-0.179854184
"Macclesfield Rd, St Lukes",351,51.529423,-0.097122
"Vauxhall Street, Vauxhall",352,51.486965,-0.116625
"Greycoat Street , Westminster",353,51.49459148,-0.134234258
"Northumberland Avenue, Strand",354,51.506767,-0.123702
"Clapham Common Station, Clapham Common",355,51.461388,-0.13922146
"South Kensington Station, South Kensington",356,51.494412,-0.173881
"Howland Street, Fitzrovia",357,51.520994,-0.139016
"High Holborn , Covent Garden",358,51.516226,-0.124826
"Butler Place, Westminster",359,51.49782999,-0.135440826
"Howick Place, Westminster",360,51.49675303,-0.138733562
"Waterloo Station 2, Waterloo",361,51.50391973,-0.11342629
"Royal College Street, Camden Town",362,51.536264,-0.133952
"Lord's, St. John's Wood",363,51.5291212,-0.171185285
"Store Street, Bloomsbury",364,51.519572,-0.13214036
"City Road, Angel",365,51.530344,-0.100168
"Harrowby Street, Marylebone",367,51.5173721,-0.1642075
"Harriet Street, Knightsbridge",368,51.50024195,-0.15934065
"Paddington Green, Paddington",370,51.520205,-0.174593
"King Edward Walk, Waterloo",371,51.49775,-0.10988
"Sardinia Street, Holborn",372,51.515208,-0.117863
"Prince Consort Road, Knightsbridge",373,51.49980661,-0.176415994
"Waterloo Station 1, Waterloo",374,51.50402794,-0.11386436
"Kensington Town Hall, Kensington",375,51.50194596,-0.194392952
"Millbank Tower, Pimlico",376,51.49188409,-0.125674815
"Waterloo Bridge, South Bank",377,51.50535447,-0.113656543
"Natural History Museum, South Kensington",378,51.49559291,-0.179077626
"Turquoise Island, Notting Hill",379,51.51431171,-0.200838199
"Stanhope Gate, Mayfair",380,51.50686435,-0.150666888
"Charlotte Street, Fitzrovia",381,51.51953043,-0.13577731
"Farm Street, Mayfair",382,51.50935171,-0.14744969
"Frith Street, Soho",383,51.51310333,-0.13121385
"Marloes Road, Kensington",384,51.496481,-0.192404
"Moor Street, Soho",386,51.51352755,-0.130110822
"Fire Brigade Pier, Vauxhall",387,51.49369988,-0.121394101
"Southampton Street, Strand",388,51.51070161,-0.121723604
"Upper Grosvenor Street, Mayfair",389,51.51013066,-0.155757901
"Buxton Street 1, Shoreditch",390,51.521776,-0.068856
"Clifford Street, Mayfair",391,51.51066202,-0.142345694
"Imperial College, Knightsbridge",392,51.49942855,-0.179702476
"Snow Hill, Farringdon",393,51.51733427,-0.103604248
"Aberdeen Place, St. John's Wood",394,51.524826,-0.176268
"Cadogan Gardens, Chelsea",395,51.492462,-0.159919
"Shouldham Street, Marylebone",396,51.51809,-0.163609
"Devonshire Terrace, Bayswater",397,51.51348,-0.17977
"Holland Park, Kensington",398,51.502319,-0.200742
"Brick Lane Market, Shoreditch",399,51.52261762,-0.071653961
"George Street, Marylebone",400,51.517703,-0.154106
"Columbia Road, Shoreditch",401,51.528187,-0.075375
"Penfold Street, Marylebone",402,51.52289229,-0.171681991
"George Place Mews, Marylebone",403,51.51689296,-0.158249929
"Palace Gate, Kensington Gardens",404,51.50204238,-0.184400221
"Gloucester Road Station, South Kensington",405,51.49418566,-0.18267094
"Sun Street, Liverpool Street",408,51.520009,-0.083935724
"Strata, Elephant & Castle",409,51.493146,-0.099828
"Edgware Road Station, Marylebone",410,51.519968,-0.169774
"Rotherhithe Roundabout, Rotherhithe",411,51.499169,-0.055846029
"Cleaver Street, Kennington",412,51.488105,-0.110121
"Chelsea Bridge, Pimlico",419,51.485821,-0.149004
"Southwark Station 1, Southwark",420,51.504043,-0.105312
"Southwark Station 2, Southwark",421,51.504044,-0.104778
"Eaton Square (South), Belgravia",423,51.49456127,-0.15393398
"Ebury Bridge, Pimlico",424,51.490491,-0.149186
"Vincent Street, Pimlico",426,51.493072,-0.129925
"Cheapside, Bank",427,51.51397065,-0.09294031
"Exhibition Road, Knightsbridge",428,51.499917,-0.174554
"South Parade, Chelsea",430,51.48902,-0.17524
"Crinan Street, King's Cross",431,51.534474,-0.122203
"Exhibition Road Museums 1, South Kensington",432,51.496468,-0.17379696
"Wren Street, Holborn",433,51.524564,-0.116279
"Kennington Station, Kennington",435,51.488852,-0.105593
"Red Lion Street, Holborn",436,51.51824,-0.11655
"Vauxhall Walk, Vauxhall",437,51.488124,-0.120903
"Killick Street, King's Cross",439,51.5338,-0.118677
"Kennington Oval, Oval",440,51.483145,-0.113134
"Sail Street, Vauxhall",441,51.495656,-0.114605
"Walmer Road, Avondale",442,51.510101,-0.211358
"Philpot Street, Whitechapel",443,51.515256,-0.058641
"Bethnal Green Garden, Bethnal Green",444,51.52568,-0.055312
"Cheshire Street, Bethnal Green",445,51.52388,-0.065076
"York Hall, Bethnal Green",446,51.528936,-0.055894
"Jubilee Crescent, Cubitt Town",447,51.493381,-0.007542
"Fisherman's Walk West, Canary Wharf",448,51.50623,-0.02296
"Shadwell Station, Shadwell",449,51.511088,-0.057159
"Jubilee Street, Stepney",450,51.515975,-0.053177
"Hermitage Court, Wapping",451,51.504719,-0.063531
"St. Katharine's Way, Tower",452,51.505697,-0.070542
"Garnet Street, Shadwell",453,51.508447,-0.055167
"Napier Avenue, Millwall",454,51.487679,-0.021582
"East Ferry Road, Cubitt Town",455,51.49447,-0.014409
"Parkway, Camden Town",456,51.538071,-0.144664
"Castlehaven Road, Camden Town",457,51.542138,-0.145393
"Wapping Lane, Wapping",458,51.504749,-0.057544
"Gunmakers Lane, Old Ford",459,51.535179,-0.03338
"Burdett Road, Mile End",460,51.516196,-0.029138
"Aston Street, Stepney",461,51.516,-0.038775
"Bonny Street, Camden Town",462,51.541603,-0.138853
"Thurtle Road, Haggerston",463,51.534776,-0.071881
"St. Mary & St. Michael Church, Stepney",464,51.51417,-0.052099
"Pitfield Street North,Hoxton",465,51.53558,-0.08249
"Whiston Road, Haggerston",466,51.534464,-0.076341
"Southern Grove, Bow",467,51.523538,-0.030556
"Cantrell Road, Bow",468,51.521564,-0.022694
"Lindfield Street, Poplar",469,51.513757,-0.020467
"Mostyn Grove, Bow",470,51.530535,-0.025492
"Hewison Street, Old Ford",471,51.533283,-0.028155
"Malmesbury Road, Bow",472,51.529452,-0.027616
"Millharbour, Millwall",473,51.496137,-0.019355
"Gascoyne Road, Victoria Park",474,51.541515,-0.038557746
"Lightermans Road, Millwall",475,51.499041,-0.020157
"Stebondale Street, Cubitt Town",476,51.489096,-0.009205
"Spindrift Avenue, Millwall",477,51.49109,-0.018716
"Stepney Green Station, Stepney",478,51.521889,-0.04667
"Pott Street, Bethnal Green",479,51.527152,-0.058005
"Flamborough Street, Limehouse",480,51.5128711,-0.0389866
"Saunders Ness Road, Cubitt Town",481,51.487129,-0.0090011
"Exhibition Road Museums 2, South Kensington",482,51.495947,-0.17368958
"Albert Gardens, Stepney",483,51.51328,-0.047784
"Bromley High Street, Bow",484,51.528828,-0.013258
"Old Ford Road, Bethnal Green",485,51.531127,-0.048017
"Granby Street, Shoreditch",486,51.525645,-0.069543
"Canton Street, Poplar",487,51.511811,-0.025626
"Reardon Street, Wapping",488,51.506946,-0.058681
"Queen Mary's, Mile End",491,51.522507,-0.041378
"Maplin Street, Mile End",492,51.525501,-0.032267204
"South Quay East, Canary Wharf",494,51.50196,-0.016251
"Bow Church Station, Bow",495,51.528169,-0.018703
"Devons Road, Bow",496,51.52512,-0.015578
"Merchant Street, Bow",497,51.526578,-0.027581
"Bow Road Station, Bow",498,51.527058,-0.025296
"Furze Green, Bow",499,51.519265,-0.021345
"Ansell House, Stepney",500,51.520019,-0.05438
"Cephas Street, Bethnal Green",501,51.522561,-0.054883
"Bonner Gate, Victoria Park",502,51.53341,-0.049591815
"Cleveland Way, Stepney",503,51.520893,-0.051394
"St. John's Park, Cubitt Town",504,51.496454,-0.009506
"Ackroyd Drive, Bow",505,51.520398,-0.026768
"Bell Lane, Liverpool Street",506,51.517475,-0.075855
"Clarkson Street, Bethnal Green",507,51.528692,-0.059091
"Fournier Street, Whitechapel",508,51.519362,-0.074431
"Fore Street, Guildhall",509,51.517842,-0.090075
"Westferry DLR, Limehouse",510,51.509303,-0.025996
"Sutton Street, Shadwell",511,51.511066,-0.053558
"Pritchard's Road, Bethnal Green",512,51.532091,-0.06142
"Watney Market, Stepney",513,51.5142228,-0.055656
"Portman Square, Marylebone",514,51.516204,-0.155525
"Russell Gardens, Olympia",515,51.500088,-0.211316
"Chrisp Street Market, Poplar",516,51.5112,-0.014438
"Ford Road, Old Ford",517,51.532513,-0.033085
"Antill Road, Mile End",518,51.528224,-0.037471
"Teviot Street, Poplar",519,51.518811,-0.011662
"Bancroft Road, Bethnal Green",520,51.526041,-0.047218
"Driffield Road, Old Ford",521,51.534137,-0.037366
"Clinton Road, Mile End",522,51.525941,-0.036017
"Langdon Park, Poplar",523,51.51549,-0.013475
"Lancaster Gate , Bayswater",524,51.511654,-0.179668
"Blythe Road, Olympia",525,51.496927,-0.21350087
"Lancaster Drive, Blackwall",526,51.503143,-0.008428
"Hansard Mews, Holland Park",527,51.503802,-0.215808
"Clarges Street, Mayfair",528,51.507326,-0.145827
"Manresa Road, Chelsea",529,51.486892,-0.170983
"Newby Place, Poplar",530,51.508896,-0.012413
"Twig Folly Bridge, Mile End",531,51.530326,-0.042744
"Jubilee Plaza, Canary Wharf",532,51.50357,-0.020068
"Wellington Row, Bethnal Green",533,51.528222,-0.069743
"Goldsmith's Row, Haggerston",534,51.531864,-0.066035
"Gloucester Avenue, Camden Town",535,51.537349,-0.147154
"Queensbridge Road, Haggerston",536,51.53385,-0.06992
"Old Montague Street, Whitechapel",537,51.51793,-0.067937
"Naval Row, Blackwall",538,51.508981,-0.00699
"Hoxton Station, Hoxton",539,51.531091,-0.075901
"Albany Street, The Regent's Park",540,51.528302,-0.144466
"Green Park Station, Mayfair",541,51.506613,-0.142844
"Salmon Lane, Limehouse",542,51.514115,-0.033828
"Lansdowne Walk, Ladbroke Grove",543,51.509591,-0.204666
"Percival Street, Finsbury",544,51.526153,-0.102208
"Arlington Road, Camden Town",545,51.539957,-0.145246
"New Fetter Lane, Holborn",546,51.517428,-0.107987
"East India DLR, Blackwall",547,51.509474,-0.002275
"Westminster Bridge Road, Elephant & Castle",548,51.498386,-0.107913
"Gaywood  Street, Elephant & Castle",549,51.49605,-0.104193
"Harford Street, Mile End",550,51.521564,-0.039264
"Import Dock, Canary Wharf",551,51.505772,-0.016460175
"Watney Street, Shadwell",552,51.511542,-0.056667
"Regent's Row , Haggerston",553,51.535678,-0.062546
"Aberfeldy Street, Poplar",554,51.513548,-0.005659
"Heron Quays DLR, Canary Wharf",556,51.502661,-0.021596
"King Edward Street, St Pauls",557,51.51601,-0.0985
"Page Street, Westminster",558,51.493978,-0.127554
"Abbotsbury Road, Holland Park",559,51.501391,-0.205991
"Ladbroke Grove Central, Ladbroke Grove",560,51.511624,-0.205921
"Rectory Square, Stepney",561,51.518369,-0.043371
"Bury Place, Holborn",562,51.51746,-0.12335
"Preston's Road, Cubitt Town",563,51.499286,-0.009152
"Somerset House, Strand",564,51.509943,-0.117619
"Selby Street, Whitechapel",565,51.521905,-0.063386
"Westfield Ariel Way, White City",566,51.509158,-0.224103
"Bishop's Bridge Road West, Bayswater",568,51.51616,-0.18697
"Pitfield Street Central, Hoxton",569,51.53213,-0.08299
"Upper Bank Street, Canary Wharf",570,51.503083,-0.017676
"Westfield Southern Terrace ,Shepherd's Bush",571,51.506256,-0.218337
"Greenland Road, Camden Town",572,51.539099,-0.141728
"Limerston Street, West Chelsea",573,51.485587,-0.18119
"Eagle Wharf Road, Hoxton",574,51.53356,-0.09315
"Alpha Grove, Millwall",576,51.497304,-0.022793
"Globe Town Market, Bethnal Green",577,51.528869,-0.047548
"Hollybush Gardens, Bethnal Green",578,51.527607,-0.057133
"Queen Street 2, Bank",579,51.511246,-0.093051
"Doddington Grove, Kennington",580,51.48692917,-0.102996299
"New Cavendish Street, Marylebone",581,51.519167,-0.147983
"Abingdon Green, Westminster",583,51.49764,-0.12597218
"Ilchester Gardens, Bayswater",584,51.51244,-0.19096
"Mudchute DLR, Cubitt Town",586,51.490645,-0.014582
"Monument Street, Monument",587,51.50964,-0.08497
"Hoxton Street, Hoxton",588,51.52959,-0.0801
"Drayton Gardens, West Chelsea",589,51.487196,-0.179369
"Greenberry Street, St.John's Wood",590,51.53256,-0.16862
"Bishop's Bridge Road East, Bayswater",592,51.5171,-0.18377
"Northdown Street, King's Cross",593,51.531066,-0.11934
"Kingsway Southbound, Strand",594,51.513875,-0.117774
"Hammersmith Road, Hammersmith",595,51.493267,-0.21985
"Parson's Green , Parson's Green",596,51.472817,-0.199783
"Fulham Park Road, Fulham",597,51.473471,-0.20782
"Southerton Road, Hammersmith",598,51.494499,-0.228188
"Manbre Road, Hammersmith",599,51.485743,-0.223616
"South Lambeth Road, Vauxhall",600,51.481747,-0.124642
"BBC White City, White City",601,51.514767,-0.225787
"Union Grove, Wandsworth Road",602,51.472993,-0.133972
"Caldwell Street, Stockwell",603,51.477839,-0.116493
"St Martins Close, Camden Town",604,51.538792,-0.138535
"Seymour Place, Marylebone",605,51.520331,-0.163667
"Addison Road, Holland Park",606,51.504199,-0.210941
"Putney Bridge Station, Fulham",607,51.468814,-0.210279
"Colet Gardens, Hammersmith",608,51.491093,-0.216493
"Sugden Road, Clapham",609,51.46512358,-0.157788279
"Danvers Street, West Chelsea",610,51.48256792,-0.172078187
"Princedale Road , Holland Park",611,51.50646524,-0.208486599
"Wandsworth Rd, Isley Court, Wandsworth Road",612,51.46925984,-0.141812513
"Woodstock Grove, Shepherd's Bush",613,51.50403821,-0.217400093
"London Fields, Hackney Central",614,51.54119,-0.058826101
"Finlay Street, Fulham",615,51.4768851,-0.215895601
"Aintree Street, Fulham",616,51.48102131,-0.209973497
"Elysium Place, Fulham",617,51.47107905,-0.207842908
"Eel Brook Common, Walham Green",618,51.47625965,-0.193254007
"Irene Road, Parsons Green",619,51.4737636,-0.197010096
"Surrey Lane, Battersea",620,51.47518024,-0.167160736
"Wandsworth Town Station, Wandsworth",621,51.46086446,-0.187427294
"Lansdowne Road, Ladbroke Grove",622,51.50748124,-0.205535908
"Nantes Close, Wandsworth",623,51.46193072,-0.180791784
"Courland Grove, Wandsworth Road",624,51.4729184,-0.132102704
"Queen's Circus, Battersea Park",625,51.47761941,-0.149551631
"Normand Park, West Kensington",626,51.48438657,-0.20481514
"Holden Street, Battersea",627,51.4687905,-0.158230901
"William Morris Way, Sands End",628,51.46881971,-0.184318843
"Morie Street, Wandsworth",629,51.45995384,-0.190184054
"Clarence Walk, Stockwell",630,51.47073264,-0.126994068
"Battersea Park Road, Nine Elms",631,51.4795017,-0.141770709
"Sheepcote Lane, Battersea",632,51.47053858,-0.163041605
"Vereker Road, West Kensington",633,51.48959104,-0.209378594
"Brook Green South, Brook Green",634,51.49434708,-0.215804559
"Greyhound Road, Hammersmith",635,51.48606206,-0.214428378
"South Park, Sands End",636,51.46706414,-0.193502076
"Spencer Park, Wandsworth Common",637,51.45787019,-0.174691623
"Falcon Road, Clapham Junction",638,51.46663393,-0.169821175
"Coomer Place, West Kensington",639,51.48357068,-0.202038682
"Silverthorne Road, Battersea",640,51.47286577,-0.148059277
"Archbishop's Park, Waterloo",641,51.49824168,-0.117495865
"Fawcett Close, Battersea",642,51.46916161,-0.174485792
"All Saints' Road, Portobello",643,51.5190427,-0.204764421
"Rainville Road, Hammersmith",644,51.48373225,-0.223852256
"Great Suffolk Street, The Borough",645,51.50173215,-0.100292412
"Buckingham Gate, Westminster",646,51.49886563,-0.137424571
"Richmond Way, Shepherd's Bush",647,51.50035306,-0.217515071
"Peterborough Road, Sands End",648,51.46904022,-0.19627483
"World's End Place, West Chelsea",649,51.48180515,-0.18027465
"St. Mark's Road, North Kensington",650,51.51687069,-0.213872396
"Thorndike Close, West Chelsea",651,51.48089844,-0.183853573
"Evesham Street, Avondale",652,51.51148696,-0.218190203
"Simpson Street, Clapham Junction",653,51.47084722,-0.17070367
"Ashmole Estate, Oval",654,51.48267821,-0.117661574
"Crabtree Lane, Fulham",655,51.48294452,-0.219346128
"Broomhouse Lane, Parsons Green",656,51.46841875,-0.199135704
"Blythe Road West, Shepherd's Bush",657,51.49968,-0.221791551
"Ethelburga Estate, Battersea Park",658,51.47729232,-0.16478637
"Blackfriars Station, St. Paul's",659,51.511934,-0.10307894
"West Kensington Station, West Kensington",660,51.49087074,-0.206029743
"All Saints Church, Portobello",661,51.51632095,-0.202608612
"Phene Street, Chelsea",662,51.48498496,-0.167919869
"Clarendon Road, Avondale",663,51.51323001,-0.211593602
"Austin Road, Battersea Park",664,51.474376,-0.155442787
"Smugglers Way, Wandsworth",665,51.46108367,-0.191722864
"Shepherd's Bush Road North, Shepherd's Bush",667,51.5015946,-0.222293381
"Ravenscourt Park Station, Hammersmith",668,51.49422354,-0.236769936
"Teversham Lane, Stockwell",669,51.47614939,-0.1232585
"Ashley Crescent, Battersea",670,51.46718562,-0.152248582
"Parsons Green Station, Parsons Green",671,51.475089,-0.201968
"Hibbert Street, Battersea",673,51.46517078,-0.18038939
"Carnegie Street, King's Cross",674,51.53546778,-0.11619105
"Usk Road, Clapham Junction",675,51.46348914,-0.182126248
"Hartington Road, Stockwell",676,51.47787084,-0.126874471
"Heath Road, Battersea",677,51.46866929,-0.146544642
"Esmond Street, Putney",678,51.46231278,-0.211468596
"Orbel Street, Battersea",679,51.47453545,-0.170210533
"Westbridge Road, Battersea",680,51.47768469,-0.170329317
"Bishop's Avenue, Fulham",681,51.47303687,-0.214749808
"Crisp Road, Hammersmith",682,51.48810829,-0.22660621
"Dorothy Road, Clapham Junction",683,51.46506424,-0.163750945
"Neville Gill Close, Wandsworth",684,51.45475251,-0.195197203
"Osiers Road, Wandsworth",685,51.46067005,-0.198735357
"Beryl Road, Hammersmith",686,51.48814438,-0.222456468
"Northfields, Wandsworth",688,51.46095151,-0.20066766
"Spanish Road, Clapham Junction",689,51.45922541,-0.180884959
"Stanley Grove, Battersea",690,51.47047503,-0.152130083
"Erin Close, Walham Green",691,51.47946386,-0.195777222
"Cadogan Close, Victoria Park",692,51.54211855,-0.028941601
"Felsham Road, Putney",693,51.464786,-0.215618902
"Putney Rail Station, Putney",694,51.46071722,-0.216526155
"Islington Green, Angel",695,51.53638435,-0.102757578
"Charing Cross Hospital, Hammersmith",696,51.48728535,-0.217995921
"Charlotte Terrace, Angel",697,51.53639219,-0.112721065
"Shoreditch Court, Haggerston",698,51.53908372,-0.070329419
"Belford House, Haggerston",699,51.5366541,-0.07023031
"Battersea Church Road, Battersea",700,51.47696496,-0.174347066
"Vicarage Crescent, Battersea",701,51.47287627,-0.176267008
"Durant Street, Bethnal Green",702,51.52868155,-0.065550321
"St. Bride Street, Holborn",703,51.51505991,-0.10534448
"Mexfield Road, East Putney",704,51.45682071,-0.202802098
"Upper Richmond Road, Putney",705,51.45971528,-0.212145939
"Snowsfields, London Bridge",706,51.50215353,-0.083632928
"Barons Court Station, West Kensington",707,51.49021762,-0.215087092
"Disraeli Road, Putney",708,51.46161068,-0.21614583
"Montserrat Road , Putney",709,51.46321128,-0.215550761
"Albert Bridge Road, Battersea Park",710,51.47439218,-0.163347594
"Everington Street, Fulham",711,51.48335692,-0.216305546
"Mile End Stadium, Mile End",712,51.51854104,-0.034903714
"Hawley Crescent, Camden Town",713,51.54100708,-0.14326094
"Stewart's Road, Wandsworth Road",714,51.47311696,-0.137235175
"Aylward Street, Stepney",715,51.51563007,-0.049067243
"Dunston Road , Haggerston",717,51.53658514,-0.075885686
"Ada Street, Hackney Central",718,51.53571683,-0.060291813
"Victoria Park Road, Hackney Central",719,51.53642464,-0.054162264
"Star Road, West Kensington",720,51.48724429,-0.205279052
"Wendon Street, Old Ford",721,51.53603947,-0.026262677
"Finnis Street, Bethnal Green",722,51.52458353,-0.058631453
"Stephendale Road, Sands End",723,51.46822047,-0.190346493
"Alma Road, Wandsworth",724,51.45799126,-0.184806157
"Walworth Square, Walworth",725,51.491327,-0.096518684
"Alfreda Street, Battersea Park",726,51.47505096,-0.150908371
"Chesilton Road, Fulham",727,51.47569809,-0.20587627
"Putney Bridge Road, East Putney",728,51.46199911,-0.206240805
"St. Peter's Terrace, Fulham",729,51.47893931,-0.208485293
"Bridge Avenue, Hammersmith",730,51.49208492,-0.229116862
"Michael Road, Walham Green",731,51.47727637,-0.189210466
"Duke Street Hill, London Bridge",732,51.50630441,-0.087262995
"Park Lane, Mayfair",733,51.50542628,-0.150817316
"Plough Terrace, Clapham Junction",734,51.46230566,-0.175407201
"Grant Road East, Clapham Junction",735,51.46489445,-0.17302926
"Queensdale Road, Shepherd's Bush",736,51.50659035,-0.216104479
"Fulham Broadway, Walham Green",737,51.47993289,-0.19411695
"Imperial Road, Sands End",738,51.47514228,-0.187278987
"Hortensia Road, West Brompton",739,51.48176572,-0.185273723
"Sirdar Road, Avondale",740,51.51092871,-0.214594781
"Freston Road, Avondale",741,51.5129814,-0.219486603
"Blenheim Crescent, Ladbroke Grove",742,51.51510818,-0.208565479
"Oxford Road, Putney",743,51.46079243,-0.212607684
"Ingrave Street, Clapham Junction",744,51.46745485,-0.172293499
"Upcerne Road, West Chelsea",745,51.47816972,-0.18243547
"Lots Road, West Chelsea",746,51.4795738,-0.17903854
"Ormonde Gate, Chelsea",747,51.48796408,-0.161765173
"Hertford Road, De Beauvoir Town",748,51.53727795,-0.079201849
"Haggerston Road, Haggerston",749,51.53932857,-0.074284675
"Culvert Road, Battersea",750,51.4710956,-0.157850096
"Newton Street, Covent Garden",751,51.51612862,-0.120909408
"London Street, Paddington",752,51.515117,-0.17371276
"Grenfell Road, Avondale",754,51.5129006,-0.214762686
"The Vale, Chelsea",755,51.48512191,-0.174971902
"Prince of Wales Drive, Battersea Park",756,51.47515398,-0.159169801
"Harcourt Terrace, West Brompton",757,51.48795853,-0.187404506
"Westbourne Park Road, Portobello",758,51.51787005,-0.201005397
"Broadley Terrace, Marylebone",759,51.52456169,-0.165668686
"Humbolt Road, Fulham",761,51.48321729,-0.211860644
"Storey's Gate, Westminster",762,51.50070305,-0.129698963
"Mile End Park Leisure Centre, Mile End",763,51.52059714,-0.032566533
"St. John's Road, Clapham Junction",764,51.46239255,-0.16829214
"Ranelagh Gardens, Fulham",765,51.46760141,-0.20682737
"Ram Street, Wandsworth",766,51.45752945,-0.192165613
"Santos Road, Wandsworth",767,51.45705988,-0.200806304
"Clapham Common North Side, Clapham Common",768,51.46134382,-0.159322467
"Sandilands Road, Walham Green",769,51.473611,-0.191803
"Gwendwr Road, West Kensington",770,51.491026,-0.209121
"Rifle Place, Avondale",771,51.509224,-0.216016
"Binfield Road, Stockwell",772,51.47250956,-0.122831913
"Tallis Street, Temple",773,51.511891,-0.107349
"Hurlingham Park, Parsons Green",774,51.470131,-0.20464
"Little Brook Green, Brook Green",775,51.496664,-0.223868
"Abyssinia Close, Clapham Junction",776,51.460333,-0.167029
"Limburg Road, Clapham Junction",777,51.46192307,-0.165297857
"Houndsditch, Aldgate",779,51.514449,-0.077178979
"Imperial Wharf Station, Sands End",780,51.474665,-0.18316517
"Victoria & Albert Museum, South Kensington",781,51.495898,-0.173009
"Halford Road, West Kensington",782,51.483911,-0.19760944
"Monier Road, Hackney Wick",783,51.5403115,-0.021630359
"East Village, Queen Elizabeth Olympic Park",784,51.546326,-0.00993526
"Aquatic Centre, Queen Elizabeth Olympic Park",785,51.54094,-0.010510565
"Lee Valley VeloPark, Queen Elizabeth Olympic Park",786,51.549369,-0.015717614
"Timber Lodge, Queen Elizabeth Olympic Park",787,51.546805,-0.01469126
"Copper Box Arena, Queen Elizabeth Olympic Park",788,51.544909,-0.0205426
"Podium, Queen Elizabeth Olympic Park",789,51.538718,-0.011889482
"Stratford Station, Stratford",790,51.541793,-0.00481
"Blackfriars Road, Southwark",792,51.505461,-0.10454093
"Cromer Street, Bloomsbury",793,51.528279,-0.11955857
"Victoria Rise, Clapham Common",794,51.461376,-0.14780467
"Euston Square Gardens, Euston",795,51.527068,-0.13186102
"Coram Street, Bloomsbury",796,51.524,-0.12640984
"Ossulston Street, Somers Town",797,51.5293,-0.12827903
"Birkenhead Street, King's Cross",798,51.53019988,-0.122299441
"Kings Gate House, Westminster",799,51.49769846,-0.137598896
"Sopwith Way, Battersea Park",800,51.48112194,-0.149035375
"Lavington Street, Bankside",801,51.50522417,-0.098031812
"Albert Square, Stockwell",802,51.47659006,-0.118256789
"Southwark Street, Bankside",803,51.50540994,-0.098341088
"Good's Way, King's Cross",804,51.53466774,-0.125078653
"The Metropolitan, Portobello",805,51.520509,-0.20080483
"Handyside Street, King's Cross",806,51.53724056,-0.124807386
"Bevington Road West, North Kensington",807,51.5212,-0.208888173
"Gauden Road, Clapham",808,51.464995,-0.13090885
"Lincoln's Inn Fields, Holborn",809,51.51627788,-0.118272992
"Tate Modern, Bankside",810,51.50672529,-0.098807246
"Westferry Circus, Canary Wharf",811,51.50570304,-0.027772743
"Here East North, Queen Elizabeth Olympic Park",812,51.54873119,-0.022606555
"New Spring Gardens Walk, Vauxhall",813,51.48780745,-0.122759626
"Clapham Road, Lingham Street, Stockwell",814,51.47143307,-0.123670736
"Lambeth Palace Road, Waterloo",815,51.5000892,-0.116628701
"Here East South, Queen Elizabeth Olympic Park",816,51.54653279,-0.02059759
"Riverlight South, Nine Elms",817,51.48133547,-0.138212296
"Westminster Pier, Westminster",818,51.501513,-0.12382322
"Belvedere Road 2, South Bank",819,51.50621,-0.114842
"Victory Place, Walworth",820,51.492807,-0.091938
"Battersea Power Station, Battersea Park",821,51.48350749,-0.147714557
"Allington Street, Victoria",826,51.496863,-0.1429434
"Cranmer Road, Stockwell",827,51.479601,-0.11147178
"Normandy Road, Stockwell",828,51.473874,-0.11258096
"Wynne Road, Stockwell",829,51.469217,-0.11268674
"Sidney Road, Stockwell",830,51.469202,-0.11902256
"St John's Crescent, Brixton",831,51.466232,-0.11317995
"Ferndale Road, Brixton",832,51.464019,-0.11578197
"Saltoun Road, Brixton",833,51.460232,-0.11537509
"Gas Holders, Battersea Park",834,51.477966,-0.14785703
"Farringdon Street, Holborn",835,51.516785,-0.10494775
"York Way, Kings Cross",836,51.541596,-0.12544145
"Fore Street Avenue, Guildhall",838,51.518093,-0.0914017
"Sea Containers, South Bank",839,51.508033,-0.10682363
"George Row, Bermondsey",840,51.498585,-0.068981764
"Tower Wharf, Bermondsey",841,51.500845,-0.074704305
"Temple Gardens, Temple",842,51.510981,-0.10832249
"Canada Water Station, Rotherhithe",844,51.498439,-0.049150215
"Bermondsey Station, Bermondsey",845,51.497995,-0.063471392
